{
  "sensorfusion6": {
    "accZbase": {
      "ident": 36, 
      "group": "sensorfusion6", 
      "name": "accZbase", 
      "pytype": "<f", 
      "__class__": "LogTocElement", 
      "ctype": "float", 
      "access": 0
    }, 
    "qw": {
      "ident": 29, 
      "group": "sensorfusion6", 
      "name": "qw", 
      "pytype": "<f", 
      "__class__": "LogTocElement", 
      "ctype": "float", 
      "access": 0
    }, 
    "qy": {
      "ident": 31, 
      "group": "sensorfusion6", 
      "name": "qy", 
      "pytype": "<f", 
      "__class__": "LogTocElement", 
      "ctype": "float", 
      "access": 0
    }, 
    "qx": {
      "ident": 30, 
      "group": "sensorfusion6", 
      "name": "qx", 
      "pytype": "<f", 
      "__class__": "LogTocElement", 
      "ctype": "float", 
      "access": 0
    }, 
    "qz": {
      "ident": 32, 
      "group": "sensorfusion6", 
      "name": "qz", 
      "pytype": "<f", 
      "__class__": "LogTocElement", 
      "ctype": "float", 
      "access": 0
    }, 
    "gravityZ": {
      "ident": 35, 
      "group": "sensorfusion6", 
      "name": "gravityZ", 
      "pytype": "<f", 
      "__class__": "LogTocElement", 
      "ctype": "float", 
      "access": 0
    }, 
    "isCalibrated": {
      "ident": 38, 
      "group": "sensorfusion6", 
      "name": "isCalibrated", 
      "pytype": "<B", 
      "__class__": "LogTocElement", 
      "ctype": "uint8_t", 
      "access": 0
    }, 
    "gravityX": {
      "ident": 33, 
      "group": "sensorfusion6", 
      "name": "gravityX", 
      "pytype": "<f", 
      "__class__": "LogTocElement", 
      "ctype": "float", 
      "access": 0
    }, 
    "gravityY": {
      "ident": 34, 
      "group": "sensorfusion6", 
      "name": "gravityY", 
      "pytype": "<f", 
      "__class__": "LogTocElement", 
      "ctype": "float", 
      "access": 0
    }, 
    "isInit": {
      "ident": 37, 
      "group": "sensorfusion6", 
      "name": "isInit", 
      "pytype": "<B", 
      "__class__": "LogTocElement", 
      "ctype": "uint8_t", 
      "access": 0
    }
  }, 
  "posCtl": {
    "Yi": {
      "ident": 75, 
      "group": "posCtl", 
      "name": "Yi", 
      "pytype": "<f", 
      "__class__": "LogTocElement", 
      "ctype": "float", 
      "access": 0
    }, 
    "VZi": {
      "ident": 84, 
      "group": "posCtl", 
      "name": "VZi", 
      "pytype": "<f", 
      "__class__": "LogTocElement", 
      "ctype": "float", 
      "access": 0
    }, 
    "Xi": {
      "ident": 72, 
      "group": "posCtl", 
      "name": "Xi", 
      "pytype": "<f", 
      "__class__": "LogTocElement", 
      "ctype": "float", 
      "access": 0
    }, 
    "VXi": {
      "ident": 81, 
      "group": "posCtl", 
      "name": "VXi", 
      "pytype": "<f", 
      "__class__": "LogTocElement", 
      "ctype": "float", 
      "access": 0
    }, 
    "Yd": {
      "ident": 76, 
      "group": "posCtl", 
      "name": "Yd", 
      "pytype": "<f", 
      "__class__": "LogTocElement", 
      "ctype": "float", 
      "access": 0
    }, 
    "VZd": {
      "ident": 85, 
      "group": "posCtl", 
      "name": "VZd", 
      "pytype": "<f", 
      "__class__": "LogTocElement", 
      "ctype": "float", 
      "access": 0
    }, 
    "Zd": {
      "ident": 79, 
      "group": "posCtl", 
      "name": "Zd", 
      "pytype": "<f", 
      "__class__": "LogTocElement", 
      "ctype": "float", 
      "access": 0
    }, 
    "VXd": {
      "ident": 82, 
      "group": "posCtl", 
      "name": "VXd", 
      "pytype": "<f", 
      "__class__": "LogTocElement", 
      "ctype": "float", 
      "access": 0
    }, 
    "targetVY": {
      "ident": 66, 
      "group": "posCtl", 
      "name": "targetVY", 
      "pytype": "<f", 
      "__class__": "LogTocElement", 
      "ctype": "float", 
      "access": 0
    }, 
    "targetVX": {
      "ident": 65, 
      "group": "posCtl", 
      "name": "targetVX", 
      "pytype": "<f", 
      "__class__": "LogTocElement", 
      "ctype": "float", 
      "access": 0
    }, 
    "Xd": {
      "ident": 73, 
      "group": "posCtl", 
      "name": "Xd", 
      "pytype": "<f", 
      "__class__": "LogTocElement", 
      "ctype": "float", 
      "access": 0
    }, 
    "targetVZ": {
      "ident": 67, 
      "group": "posCtl", 
      "name": "targetVZ", 
      "pytype": "<f", 
      "__class__": "LogTocElement", 
      "ctype": "float", 
      "access": 0
    }, 
    "targetZ": {
      "ident": 70, 
      "group": "posCtl", 
      "name": "targetZ", 
      "pytype": "<f", 
      "__class__": "LogTocElement", 
      "ctype": "float", 
      "access": 0
    }, 
    "targetX": {
      "ident": 68, 
      "group": "posCtl", 
      "name": "targetX", 
      "pytype": "<f", 
      "__class__": "LogTocElement", 
      "ctype": "float", 
      "access": 0
    }, 
    "targetY": {
      "ident": 69, 
      "group": "posCtl", 
      "name": "targetY", 
      "pytype": "<f", 
      "__class__": "LogTocElement", 
      "ctype": "float", 
      "access": 0
    }, 
    "Yp": {
      "ident": 74, 
      "group": "posCtl", 
      "name": "Yp", 
      "pytype": "<f", 
      "__class__": "LogTocElement", 
      "ctype": "float", 
      "access": 0
    }, 
    "Xp": {
      "ident": 71, 
      "group": "posCtl", 
      "name": "Xp", 
      "pytype": "<f", 
      "__class__": "LogTocElement", 
      "ctype": "float", 
      "access": 0
    }, 
    "VZp": {
      "ident": 83, 
      "group": "posCtl", 
      "name": "VZp", 
      "pytype": "<f", 
      "__class__": "LogTocElement", 
      "ctype": "float", 
      "access": 0
    }, 
    "Zp": {
      "ident": 77, 
      "group": "posCtl", 
      "name": "Zp", 
      "pytype": "<f", 
      "__class__": "LogTocElement", 
      "ctype": "float", 
      "access": 0
    }, 
    "VXp": {
      "ident": 80, 
      "group": "posCtl", 
      "name": "VXp", 
      "pytype": "<f", 
      "__class__": "LogTocElement", 
      "ctype": "float", 
      "access": 0
    }, 
    "Zi": {
      "ident": 78, 
      "group": "posCtl", 
      "name": "Zi", 
      "pytype": "<f", 
      "__class__": "LogTocElement", 
      "ctype": "float", 
      "access": 0
    }
  }, 
  "loco": {
    "mode": {
      "ident": 153, 
      "group": "loco", 
      "name": "mode", 
      "pytype": "<B", 
      "__class__": "LogTocElement", 
      "ctype": "uint8_t", 
      "access": 0
    }
  }, 
  "stateEstimate": {
    "y": {
      "ident": 46, 
      "group": "stateEstimate", 
      "name": "y", 
      "pytype": "<f", 
      "__class__": "LogTocElement", 
      "ctype": "float", 
      "access": 0
    }, 
    "x": {
      "ident": 45, 
      "group": "stateEstimate", 
      "name": "x", 
      "pytype": "<f", 
      "__class__": "LogTocElement", 
      "ctype": "float", 
      "access": 0
    }, 
    "z": {
      "ident": 47, 
      "group": "stateEstimate", 
      "name": "z", 
      "pytype": "<f", 
      "__class__": "LogTocElement", 
      "ctype": "float", 
      "access": 0
    }
  }, 
  "radio": {
    "rssi": {
      "ident": 104, 
      "group": "radio", 
      "name": "rssi", 
      "pytype": "<B", 
      "__class__": "LogTocElement", 
      "ctype": "uint8_t", 
      "access": 0
    }
  }, 
  "motor": {
    "m4": {
      "ident": 93, 
      "group": "motor", 
      "name": "m4", 
      "pytype": "<i", 
      "__class__": "LogTocElement", 
      "ctype": "int32_t", 
      "access": 0
    }, 
    "m1": {
      "ident": 94, 
      "group": "motor", 
      "name": "m1", 
      "pytype": "<i", 
      "__class__": "LogTocElement", 
      "ctype": "int32_t", 
      "access": 0
    }, 
    "m3": {
      "ident": 96, 
      "group": "motor", 
      "name": "m3", 
      "pytype": "<i", 
      "__class__": "LogTocElement", 
      "ctype": "int32_t", 
      "access": 0
    }, 
    "m2": {
      "ident": 95, 
      "group": "motor", 
      "name": "m2", 
      "pytype": "<i", 
      "__class__": "LogTocElement", 
      "ctype": "int32_t", 
      "access": 0
    }
  }, 
  "extrx": {
    "yaw": {
      "ident": 112, 
      "group": "extrx", 
      "name": "yaw", 
      "pytype": "<f", 
      "__class__": "LogTocElement", 
      "ctype": "float", 
      "access": 0
    }, 
    "ch0": {
      "ident": 105, 
      "group": "extrx", 
      "name": "ch0", 
      "pytype": "<H", 
      "__class__": "LogTocElement", 
      "ctype": "uint16_t", 
      "access": 0
    }, 
    "ch1": {
      "ident": 106, 
      "group": "extrx", 
      "name": "ch1", 
      "pytype": "<H", 
      "__class__": "LogTocElement", 
      "ctype": "uint16_t", 
      "access": 0
    }, 
    "ch2": {
      "ident": 107, 
      "group": "extrx", 
      "name": "ch2", 
      "pytype": "<H", 
      "__class__": "LogTocElement", 
      "ctype": "uint16_t", 
      "access": 0
    }, 
    "ch3": {
      "ident": 108, 
      "group": "extrx", 
      "name": "ch3", 
      "pytype": "<H", 
      "__class__": "LogTocElement", 
      "ctype": "uint16_t", 
      "access": 0
    }, 
    "pitch": {
      "ident": 111, 
      "group": "extrx", 
      "name": "pitch", 
      "pytype": "<f", 
      "__class__": "LogTocElement", 
      "ctype": "float", 
      "access": 0
    }, 
    "thrust": {
      "ident": 109, 
      "group": "extrx", 
      "name": "thrust", 
      "pytype": "<H", 
      "__class__": "LogTocElement", 
      "ctype": "uint16_t", 
      "access": 0
    }, 
    "roll": {
      "ident": 110, 
      "group": "extrx", 
      "name": "roll", 
      "pytype": "<f", 
      "__class__": "LogTocElement", 
      "ctype": "float", 
      "access": 0
    }
  }, 
  "kalman_states": {
    "vx": {
      "ident": 115, 
      "group": "kalman_states", 
      "name": "vx", 
      "pytype": "<f", 
      "__class__": "LogTocElement", 
      "ctype": "float", 
      "access": 0
    }, 
    "vy": {
      "ident": 116, 
      "group": "kalman_states", 
      "name": "vy", 
      "pytype": "<f", 
      "__class__": "LogTocElement", 
      "ctype": "float", 
      "access": 0
    }, 
    "oy": {
      "ident": 114, 
      "group": "kalman_states", 
      "name": "oy", 
      "pytype": "<f", 
      "__class__": "LogTocElement", 
      "ctype": "float", 
      "access": 0
    }, 
    "ox": {
      "ident": 113, 
      "group": "kalman_states", 
      "name": "ox", 
      "pytype": "<f", 
      "__class__": "LogTocElement", 
      "ctype": "float", 
      "access": 0
    }
  }, 
  "motion": {
    "minRaw": {
      "ident": 216, 
      "group": "motion", 
      "name": "minRaw", 
      "pytype": "<B", 
      "__class__": "LogTocElement", 
      "ctype": "uint8_t", 
      "access": 0
    }, 
    "shutter": {
      "ident": 214, 
      "group": "motion", 
      "name": "shutter", 
      "pytype": "<H", 
      "__class__": "LogTocElement", 
      "ctype": "uint16_t", 
      "access": 0
    }, 
    "Rawsum": {
      "ident": 217, 
      "group": "motion", 
      "name": "Rawsum", 
      "pytype": "<B", 
      "__class__": "LogTocElement", 
      "ctype": "uint8_t", 
      "access": 0
    }, 
    "deltaX": {
      "ident": 212, 
      "group": "motion", 
      "name": "deltaX", 
      "pytype": "<h", 
      "__class__": "LogTocElement", 
      "ctype": "int16_t", 
      "access": 0
    }, 
    "deltaY": {
      "ident": 213, 
      "group": "motion", 
      "name": "deltaY", 
      "pytype": "<h", 
      "__class__": "LogTocElement", 
      "ctype": "int16_t", 
      "access": 0
    }, 
    "motion": {
      "ident": 211, 
      "group": "motion", 
      "name": "motion", 
      "pytype": "<B", 
      "__class__": "LogTocElement", 
      "ctype": "uint8_t", 
      "access": 0
    }, 
    "outlierCount": {
      "ident": 218, 
      "group": "motion", 
      "name": "outlierCount", 
      "pytype": "<B", 
      "__class__": "LogTocElement", 
      "ctype": "uint8_t", 
      "access": 0
    }, 
    "maxRaw": {
      "ident": 215, 
      "group": "motion", 
      "name": "maxRaw", 
      "pytype": "<B", 
      "__class__": "LogTocElement", 
      "ctype": "uint8_t", 
      "access": 0
    }
  }, 
  "kalman_pred": {
    "measNX": {
      "ident": 119, 
      "group": "kalman_pred", 
      "name": "measNX", 
      "pytype": "<f", 
      "__class__": "LogTocElement", 
      "ctype": "float", 
      "access": 0
    }, 
    "measNY": {
      "ident": 120, 
      "group": "kalman_pred", 
      "name": "measNY", 
      "pytype": "<f", 
      "__class__": "LogTocElement", 
      "ctype": "float", 
      "access": 0
    }, 
    "predNY": {
      "ident": 118, 
      "group": "kalman_pred", 
      "name": "predNY", 
      "pytype": "<f", 
      "__class__": "LogTocElement", 
      "ctype": "float", 
      "access": 0
    }, 
    "predNX": {
      "ident": 117, 
      "group": "kalman_pred", 
      "name": "predNX", 
      "pytype": "<f", 
      "__class__": "LogTocElement", 
      "ctype": "float", 
      "access": 0
    }
  }, 
  "sitAw": {
    "FFAccWZDetected": {
      "ident": 5, 
      "group": "sitAw", 
      "name": "FFAccWZDetected", 
      "pytype": "<B", 
      "__class__": "LogTocElement", 
      "ctype": "uint8_t", 
      "access": 0
    }, 
    "ARDetected": {
      "ident": 6, 
      "group": "sitAw", 
      "name": "ARDetected", 
      "pytype": "<B", 
      "__class__": "LogTocElement", 
      "ctype": "uint8_t", 
      "access": 0
    }, 
    "TuDetected": {
      "ident": 7, 
      "group": "sitAw", 
      "name": "TuDetected", 
      "pytype": "<B", 
      "__class__": "LogTocElement", 
      "ctype": "uint8_t", 
      "access": 0
    }
  }, 
  "twr": {
    "rangingPerSec4": {
      "ident": 180, 
      "group": "twr", 
      "name": "rangingPerSec4", 
      "pytype": "<B", 
      "__class__": "LogTocElement", 
      "ctype": "uint8_t", 
      "access": 0
    }, 
    "rangingPerSec5": {
      "ident": 182, 
      "group": "twr", 
      "name": "rangingPerSec5", 
      "pytype": "<B", 
      "__class__": "LogTocElement", 
      "ctype": "uint8_t", 
      "access": 0
    }, 
    "rangingPerSec0": {
      "ident": 172, 
      "group": "twr", 
      "name": "rangingPerSec0", 
      "pytype": "<B", 
      "__class__": "LogTocElement", 
      "ctype": "uint8_t", 
      "access": 0
    }, 
    "rangingPerSec1": {
      "ident": 174, 
      "group": "twr", 
      "name": "rangingPerSec1", 
      "pytype": "<B", 
      "__class__": "LogTocElement", 
      "ctype": "uint8_t", 
      "access": 0
    }, 
    "rangingPerSec2": {
      "ident": 176, 
      "group": "twr", 
      "name": "rangingPerSec2", 
      "pytype": "<B", 
      "__class__": "LogTocElement", 
      "ctype": "uint8_t", 
      "access": 0
    }, 
    "rangingPerSec3": {
      "ident": 178, 
      "group": "twr", 
      "name": "rangingPerSec3", 
      "pytype": "<B", 
      "__class__": "LogTocElement", 
      "ctype": "uint8_t", 
      "access": 0
    }, 
    "rangingSuccessRate0": {
      "ident": 171, 
      "group": "twr", 
      "name": "rangingSuccessRate0", 
      "pytype": "<B", 
      "__class__": "LogTocElement", 
      "ctype": "uint8_t", 
      "access": 0
    }, 
    "rangingSuccessRate1": {
      "ident": 173, 
      "group": "twr", 
      "name": "rangingSuccessRate1", 
      "pytype": "<B", 
      "__class__": "LogTocElement", 
      "ctype": "uint8_t", 
      "access": 0
    }, 
    "rangingSuccessRate2": {
      "ident": 175, 
      "group": "twr", 
      "name": "rangingSuccessRate2", 
      "pytype": "<B", 
      "__class__": "LogTocElement", 
      "ctype": "uint8_t", 
      "access": 0
    }, 
    "rangingSuccessRate3": {
      "ident": 177, 
      "group": "twr", 
      "name": "rangingSuccessRate3", 
      "pytype": "<B", 
      "__class__": "LogTocElement", 
      "ctype": "uint8_t", 
      "access": 0
    }, 
    "rangingSuccessRate4": {
      "ident": 179, 
      "group": "twr", 
      "name": "rangingSuccessRate4", 
      "pytype": "<B", 
      "__class__": "LogTocElement", 
      "ctype": "uint8_t", 
      "access": 0
    }, 
    "rangingSuccessRate5": {
      "ident": 181, 
      "group": "twr", 
      "name": "rangingSuccessRate5", 
      "pytype": "<B", 
      "__class__": "LogTocElement", 
      "ctype": "uint8_t", 
      "access": 0
    }
  }, 
  "baro": {
    "pressure": {
      "ident": 54, 
      "group": "baro", 
      "name": "pressure", 
      "pytype": "<f", 
      "__class__": "LogTocElement", 
      "ctype": "float", 
      "access": 0
    }, 
    "temp": {
      "ident": 53, 
      "group": "baro", 
      "name": "temp", 
      "pytype": "<f", 
      "__class__": "LogTocElement", 
      "ctype": "float", 
      "access": 0
    }, 
    "asl": {
      "ident": 52, 
      "group": "baro", 
      "name": "asl", 
      "pytype": "<f", 
      "__class__": "LogTocElement", 
      "ctype": "float", 
      "access": 0
    }
  }, 
  "ranging": {
    "distance2": {
      "ident": 156, 
      "group": "ranging", 
      "name": "distance2", 
      "pytype": "<f", 
      "__class__": "LogTocElement", 
      "ctype": "float", 
      "access": 0
    }, 
    "distance3": {
      "ident": 157, 
      "group": "ranging", 
      "name": "distance3", 
      "pytype": "<f", 
      "__class__": "LogTocElement", 
      "ctype": "float", 
      "access": 0
    }, 
    "distance0": {
      "ident": 154, 
      "group": "ranging", 
      "name": "distance0", 
      "pytype": "<f", 
      "__class__": "LogTocElement", 
      "ctype": "float", 
      "access": 0
    }, 
    "distance1": {
      "ident": 155, 
      "group": "ranging", 
      "name": "distance1", 
      "pytype": "<f", 
      "__class__": "LogTocElement", 
      "ctype": "float", 
      "access": 0
    }, 
    "distance6": {
      "ident": 160, 
      "group": "ranging", 
      "name": "distance6", 
      "pytype": "<f", 
      "__class__": "LogTocElement", 
      "ctype": "float", 
      "access": 0
    }, 
    "distance7": {
      "ident": 161, 
      "group": "ranging", 
      "name": "distance7", 
      "pytype": "<f", 
      "__class__": "LogTocElement", 
      "ctype": "float", 
      "access": 0
    }, 
    "distance4": {
      "ident": 158, 
      "group": "ranging", 
      "name": "distance4", 
      "pytype": "<f", 
      "__class__": "LogTocElement", 
      "ctype": "float", 
      "access": 0
    }, 
    "distance5": {
      "ident": 159, 
      "group": "ranging", 
      "name": "distance5", 
      "pytype": "<f", 
      "__class__": "LogTocElement", 
      "ctype": "float", 
      "access": 0
    }, 
    "state": {
      "ident": 170, 
      "group": "ranging", 
      "name": "state", 
      "pytype": "<H", 
      "__class__": "LogTocElement", 
      "ctype": "uint16_t", 
      "access": 0
    }, 
    "pressure2": {
      "ident": 164, 
      "group": "ranging", 
      "name": "pressure2", 
      "pytype": "<f", 
      "__class__": "LogTocElement", 
      "ctype": "float", 
      "access": 0
    }, 
    "pressure3": {
      "ident": 165, 
      "group": "ranging", 
      "name": "pressure3", 
      "pytype": "<f", 
      "__class__": "LogTocElement", 
      "ctype": "float", 
      "access": 0
    }, 
    "pressure0": {
      "ident": 162, 
      "group": "ranging", 
      "name": "pressure0", 
      "pytype": "<f", 
      "__class__": "LogTocElement", 
      "ctype": "float", 
      "access": 0
    }, 
    "pressure1": {
      "ident": 163, 
      "group": "ranging", 
      "name": "pressure1", 
      "pytype": "<f", 
      "__class__": "LogTocElement", 
      "ctype": "float", 
      "access": 0
    }, 
    "pressure6": {
      "ident": 168, 
      "group": "ranging", 
      "name": "pressure6", 
      "pytype": "<f", 
      "__class__": "LogTocElement", 
      "ctype": "float", 
      "access": 0
    }, 
    "pressure7": {
      "ident": 169, 
      "group": "ranging", 
      "name": "pressure7", 
      "pytype": "<f", 
      "__class__": "LogTocElement", 
      "ctype": "float", 
      "access": 0
    }, 
    "pressure4": {
      "ident": 166, 
      "group": "ranging", 
      "name": "pressure4", 
      "pytype": "<f", 
      "__class__": "LogTocElement", 
      "ctype": "float", 
      "access": 0
    }, 
    "pressure5": {
      "ident": 167, 
      "group": "ranging", 
      "name": "pressure5", 
      "pytype": "<f", 
      "__class__": "LogTocElement", 
      "ctype": "float", 
      "access": 0
    }
  }, 
  "ctrltarget": {
    "yaw": {
      "ident": 41, 
      "group": "ctrltarget", 
      "name": "yaw", 
      "pytype": "<f", 
      "__class__": "LogTocElement", 
      "ctype": "float", 
      "access": 0
    }, 
    "roll": {
      "ident": 39, 
      "group": "ctrltarget", 
      "name": "roll", 
      "pytype": "<f", 
      "__class__": "LogTocElement", 
      "ctype": "float", 
      "access": 0
    }, 
    "pitch": {
      "ident": 40, 
      "group": "ctrltarget", 
      "name": "pitch", 
      "pytype": "<f", 
      "__class__": "LogTocElement", 
      "ctype": "float", 
      "access": 0
    }
  }, 
  "pm": {
    "extVbat": {
      "ident": 99, 
      "group": "pm", 
      "name": "extVbat", 
      "pytype": "<f", 
      "__class__": "LogTocElement", 
      "ctype": "float", 
      "access": 0
    }, 
    "extVbatMV": {
      "ident": 100, 
      "group": "pm", 
      "name": "extVbatMV", 
      "pytype": "<H", 
      "__class__": "LogTocElement", 
      "ctype": "uint16_t", 
      "access": 0
    }, 
    "vbatMV": {
      "ident": 98, 
      "group": "pm", 
      "name": "vbatMV", 
      "pytype": "<H", 
      "__class__": "LogTocElement", 
      "ctype": "uint16_t", 
      "access": 0
    }, 
    "extCurr": {
      "ident": 101, 
      "group": "pm", 
      "name": "extCurr", 
      "pytype": "<f", 
      "__class__": "LogTocElement", 
      "ctype": "float", 
      "access": 0
    }, 
    "state": {
      "ident": 103, 
      "group": "pm", 
      "name": "state", 
      "pytype": "<b", 
      "__class__": "LogTocElement", 
      "ctype": "int8_t", 
      "access": 0
    }, 
    "vbat": {
      "ident": 97, 
      "group": "pm", 
      "name": "vbat", 
      "pytype": "<f", 
      "__class__": "LogTocElement", 
      "ctype": "float", 
      "access": 0
    }, 
    "chargeCurrent": {
      "ident": 102, 
      "group": "pm", 
      "name": "chargeCurrent", 
      "pytype": "<f", 
      "__class__": "LogTocElement", 
      "ctype": "float", 
      "access": 0
    }
  }, 
  "kalman": {
    "statePX": {
      "ident": 125, 
      "group": "kalman", 
      "name": "statePX", 
      "pytype": "<f", 
      "__class__": "LogTocElement", 
      "ctype": "float", 
      "access": 0
    }, 
    "statePY": {
      "ident": 126, 
      "group": "kalman", 
      "name": "statePY", 
      "pytype": "<f", 
      "__class__": "LogTocElement", 
      "ctype": "float", 
      "access": 0
    }, 
    "statePZ": {
      "ident": 127, 
      "group": "kalman", 
      "name": "statePZ", 
      "pytype": "<f", 
      "__class__": "LogTocElement", 
      "ctype": "float", 
      "access": 0
    }, 
    "stateSkew": {
      "ident": 131, 
      "group": "kalman", 
      "name": "stateSkew", 
      "pytype": "<f", 
      "__class__": "LogTocElement", 
      "ctype": "float", 
      "access": 0
    }, 
    "stateD0": {
      "ident": 128, 
      "group": "kalman", 
      "name": "stateD0", 
      "pytype": "<f", 
      "__class__": "LogTocElement", 
      "ctype": "float", 
      "access": 0
    }, 
    "stateD1": {
      "ident": 129, 
      "group": "kalman", 
      "name": "stateD1", 
      "pytype": "<f", 
      "__class__": "LogTocElement", 
      "ctype": "float", 
      "access": 0
    }, 
    "stateD2": {
      "ident": 130, 
      "group": "kalman", 
      "name": "stateD2", 
      "pytype": "<f", 
      "__class__": "LogTocElement", 
      "ctype": "float", 
      "access": 0
    }, 
    "q1": {
      "ident": 143, 
      "group": "kalman", 
      "name": "q1", 
      "pytype": "<f", 
      "__class__": "LogTocElement", 
      "ctype": "float", 
      "access": 0
    }, 
    "q0": {
      "ident": 142, 
      "group": "kalman", 
      "name": "q0", 
      "pytype": "<f", 
      "__class__": "LogTocElement", 
      "ctype": "float", 
      "access": 0
    }, 
    "q3": {
      "ident": 145, 
      "group": "kalman", 
      "name": "q3", 
      "pytype": "<f", 
      "__class__": "LogTocElement", 
      "ctype": "float", 
      "access": 0
    }, 
    "q2": {
      "ident": 144, 
      "group": "kalman", 
      "name": "q2", 
      "pytype": "<f", 
      "__class__": "LogTocElement", 
      "ctype": "float", 
      "access": 0
    }, 
    "varY": {
      "ident": 133, 
      "group": "kalman", 
      "name": "varY", 
      "pytype": "<f", 
      "__class__": "LogTocElement", 
      "ctype": "float", 
      "access": 0
    }, 
    "varX": {
      "ident": 132, 
      "group": "kalman", 
      "name": "varX", 
      "pytype": "<f", 
      "__class__": "LogTocElement", 
      "ctype": "float", 
      "access": 0
    }, 
    "varZ": {
      "ident": 134, 
      "group": "kalman", 
      "name": "varZ", 
      "pytype": "<f", 
      "__class__": "LogTocElement", 
      "ctype": "float", 
      "access": 0
    }, 
    "stateZ": {
      "ident": 124, 
      "group": "kalman", 
      "name": "stateZ", 
      "pytype": "<f", 
      "__class__": "LogTocElement", 
      "ctype": "float", 
      "access": 0
    }, 
    "stateY": {
      "ident": 123, 
      "group": "kalman", 
      "name": "stateY", 
      "pytype": "<f", 
      "__class__": "LogTocElement", 
      "ctype": "float", 
      "access": 0
    }, 
    "stateX": {
      "ident": 122, 
      "group": "kalman", 
      "name": "stateX", 
      "pytype": "<f", 
      "__class__": "LogTocElement", 
      "ctype": "float", 
      "access": 0
    }, 
    "inFlight": {
      "ident": 121, 
      "group": "kalman", 
      "name": "inFlight", 
      "pytype": "<B", 
      "__class__": "LogTocElement", 
      "ctype": "uint8_t", 
      "access": 0
    }, 
    "varD2": {
      "ident": 140, 
      "group": "kalman", 
      "name": "varD2", 
      "pytype": "<f", 
      "__class__": "LogTocElement", 
      "ctype": "float", 
      "access": 0
    }, 
    "varD0": {
      "ident": 138, 
      "group": "kalman", 
      "name": "varD0", 
      "pytype": "<f", 
      "__class__": "LogTocElement", 
      "ctype": "float", 
      "access": 0
    }, 
    "varD1": {
      "ident": 139, 
      "group": "kalman", 
      "name": "varD1", 
      "pytype": "<f", 
      "__class__": "LogTocElement", 
      "ctype": "float", 
      "access": 0
    }, 
    "varSkew": {
      "ident": 141, 
      "group": "kalman", 
      "name": "varSkew", 
      "pytype": "<f", 
      "__class__": "LogTocElement", 
      "ctype": "float", 
      "access": 0
    }, 
    "varPZ": {
      "ident": 137, 
      "group": "kalman", 
      "name": "varPZ", 
      "pytype": "<f", 
      "__class__": "LogTocElement", 
      "ctype": "float", 
      "access": 0
    }, 
    "varPX": {
      "ident": 135, 
      "group": "kalman", 
      "name": "varPX", 
      "pytype": "<f", 
      "__class__": "LogTocElement", 
      "ctype": "float", 
      "access": 0
    }, 
    "varPY": {
      "ident": 136, 
      "group": "kalman", 
      "name": "varPY", 
      "pytype": "<f", 
      "__class__": "LogTocElement", 
      "ctype": "float", 
      "access": 0
    }
  }, 
  "ext_pos": {
    "Y": {
      "ident": 9, 
      "group": "ext_pos", 
      "name": "Y", 
      "pytype": "<f", 
      "__class__": "LogTocElement", 
      "ctype": "float", 
      "access": 0
    }, 
    "X": {
      "ident": 8, 
      "group": "ext_pos", 
      "name": "X", 
      "pytype": "<f", 
      "__class__": "LogTocElement", 
      "ctype": "float", 
      "access": 0
    }, 
    "Z": {
      "ident": 10, 
      "group": "ext_pos", 
      "name": "Z", 
      "pytype": "<f", 
      "__class__": "LogTocElement", 
      "ctype": "float", 
      "access": 0
    }
  }, 
  "sys": {
    "canfly": {
      "ident": 4, 
      "group": "sys", 
      "name": "canfly", 
      "pytype": "<b", 
      "__class__": "LogTocElement", 
      "ctype": "int8_t", 
      "access": 0
    }
  }, 
  "controller": {
    "yaw": {
      "ident": 89, 
      "group": "controller", 
      "name": "yaw", 
      "pytype": "<f", 
      "__class__": "LogTocElement", 
      "ctype": "float", 
      "access": 0
    }, 
    "yawRate": {
      "ident": 92, 
      "group": "controller", 
      "name": "yawRate", 
      "pytype": "<f", 
      "__class__": "LogTocElement", 
      "ctype": "float", 
      "access": 0
    }, 
    "actuatorThrust": {
      "ident": 86, 
      "group": "controller", 
      "name": "actuatorThrust", 
      "pytype": "<f", 
      "__class__": "LogTocElement", 
      "ctype": "float", 
      "access": 0
    }, 
    "rollRate": {
      "ident": 90, 
      "group": "controller", 
      "name": "rollRate", 
      "pytype": "<f", 
      "__class__": "LogTocElement", 
      "ctype": "float", 
      "access": 0
    }, 
    "pitchRate": {
      "ident": 91, 
      "group": "controller", 
      "name": "pitchRate", 
      "pytype": "<f", 
      "__class__": "LogTocElement", 
      "ctype": "float", 
      "access": 0
    }, 
    "pitch": {
      "ident": 88, 
      "group": "controller", 
      "name": "pitch", 
      "pytype": "<f", 
      "__class__": "LogTocElement", 
      "ctype": "float", 
      "access": 0
    }, 
    "roll": {
      "ident": 87, 
      "group": "controller", 
      "name": "roll", 
      "pytype": "<f", 
      "__class__": "LogTocElement", 
      "ctype": "float", 
      "access": 0
    }, 
    "ctr_yaw": {
      "ident": 48, 
      "group": "controller", 
      "name": "ctr_yaw", 
      "pytype": "<h", 
      "__class__": "LogTocElement", 
      "ctype": "int16_t", 
      "access": 0
    }
  }, 
  "pid_rate": {
    "yaw_outI": {
      "ident": 27, 
      "group": "pid_rate", 
      "name": "yaw_outI", 
      "pytype": "<f", 
      "__class__": "LogTocElement", 
      "ctype": "float", 
      "access": 0
    }, 
    "pitch_outD": {
      "ident": 25, 
      "group": "pid_rate", 
      "name": "pitch_outD", 
      "pytype": "<f", 
      "__class__": "LogTocElement", 
      "ctype": "float", 
      "access": 0
    }, 
    "roll_outP": {
      "ident": 20, 
      "group": "pid_rate", 
      "name": "roll_outP", 
      "pytype": "<f", 
      "__class__": "LogTocElement", 
      "ctype": "float", 
      "access": 0
    }, 
    "yaw_outD": {
      "ident": 28, 
      "group": "pid_rate", 
      "name": "yaw_outD", 
      "pytype": "<f", 
      "__class__": "LogTocElement", 
      "ctype": "float", 
      "access": 0
    }, 
    "pitch_outI": {
      "ident": 24, 
      "group": "pid_rate", 
      "name": "pitch_outI", 
      "pytype": "<f", 
      "__class__": "LogTocElement", 
      "ctype": "float", 
      "access": 0
    }, 
    "roll_outI": {
      "ident": 21, 
      "group": "pid_rate", 
      "name": "roll_outI", 
      "pytype": "<f", 
      "__class__": "LogTocElement", 
      "ctype": "float", 
      "access": 0
    }, 
    "pitch_outP": {
      "ident": 23, 
      "group": "pid_rate", 
      "name": "pitch_outP", 
      "pytype": "<f", 
      "__class__": "LogTocElement", 
      "ctype": "float", 
      "access": 0
    }, 
    "yaw_outP": {
      "ident": 26, 
      "group": "pid_rate", 
      "name": "yaw_outP", 
      "pytype": "<f", 
      "__class__": "LogTocElement", 
      "ctype": "float", 
      "access": 0
    }, 
    "roll_outD": {
      "ident": 22, 
      "group": "pid_rate", 
      "name": "roll_outD", 
      "pytype": "<f", 
      "__class__": "LogTocElement", 
      "ctype": "float", 
      "access": 0
    }
  }, 
  "mag": {
    "y": {
      "ident": 50, 
      "group": "mag", 
      "name": "y", 
      "pytype": "<f", 
      "__class__": "LogTocElement", 
      "ctype": "float", 
      "access": 0
    }, 
    "x": {
      "ident": 49, 
      "group": "mag", 
      "name": "x", 
      "pytype": "<f", 
      "__class__": "LogTocElement", 
      "ctype": "float", 
      "access": 0
    }, 
    "z": {
      "ident": 51, 
      "group": "mag", 
      "name": "z", 
      "pytype": "<f", 
      "__class__": "LogTocElement", 
      "ctype": "float", 
      "access": 0
    }
  }, 
  "pid_attitude": {
    "yaw_outI": {
      "ident": 18, 
      "group": "pid_attitude", 
      "name": "yaw_outI", 
      "pytype": "<f", 
      "__class__": "LogTocElement", 
      "ctype": "float", 
      "access": 0
    }, 
    "pitch_outD": {
      "ident": 16, 
      "group": "pid_attitude", 
      "name": "pitch_outD", 
      "pytype": "<f", 
      "__class__": "LogTocElement", 
      "ctype": "float", 
      "access": 0
    }, 
    "roll_outP": {
      "ident": 11, 
      "group": "pid_attitude", 
      "name": "roll_outP", 
      "pytype": "<f", 
      "__class__": "LogTocElement", 
      "ctype": "float", 
      "access": 0
    }, 
    "yaw_outD": {
      "ident": 19, 
      "group": "pid_attitude", 
      "name": "yaw_outD", 
      "pytype": "<f", 
      "__class__": "LogTocElement", 
      "ctype": "float", 
      "access": 0
    }, 
    "pitch_outI": {
      "ident": 15, 
      "group": "pid_attitude", 
      "name": "pitch_outI", 
      "pytype": "<f", 
      "__class__": "LogTocElement", 
      "ctype": "float", 
      "access": 0
    }, 
    "roll_outI": {
      "ident": 12, 
      "group": "pid_attitude", 
      "name": "roll_outI", 
      "pytype": "<f", 
      "__class__": "LogTocElement", 
      "ctype": "float", 
      "access": 0
    }, 
    "pitch_outP": {
      "ident": 14, 
      "group": "pid_attitude", 
      "name": "pitch_outP", 
      "pytype": "<f", 
      "__class__": "LogTocElement", 
      "ctype": "float", 
      "access": 0
    }, 
    "yaw_outP": {
      "ident": 17, 
      "group": "pid_attitude", 
      "name": "yaw_outP", 
      "pytype": "<f", 
      "__class__": "LogTocElement", 
      "ctype": "float", 
      "access": 0
    }, 
    "roll_outD": {
      "ident": 13, 
      "group": "pid_attitude", 
      "name": "roll_outD", 
      "pytype": "<f", 
      "__class__": "LogTocElement", 
      "ctype": "float", 
      "access": 0
    }
  }, 
  "pwm": {
    "m4_pwm": {
      "ident": 3, 
      "group": "pwm", 
      "name": "m4_pwm", 
      "pytype": "<L", 
      "__class__": "LogTocElement", 
      "ctype": "uint32_t", 
      "access": 0
    }, 
    "m1_pwm": {
      "ident": 0, 
      "group": "pwm", 
      "name": "m1_pwm", 
      "pytype": "<L", 
      "__class__": "LogTocElement", 
      "ctype": "uint32_t", 
      "access": 0
    }, 
    "m2_pwm": {
      "ident": 1, 
      "group": "pwm", 
      "name": "m2_pwm", 
      "pytype": "<L", 
      "__class__": "LogTocElement", 
      "ctype": "uint32_t", 
      "access": 0
    }, 
    "m3_pwm": {
      "ident": 2, 
      "group": "pwm", 
      "name": "m3_pwm", 
      "pytype": "<L", 
      "__class__": "LogTocElement", 
      "ctype": "uint32_t", 
      "access": 0
    }
  }, 
  "acc": {
    "y": {
      "ident": 43, 
      "group": "acc", 
      "name": "y", 
      "pytype": "<f", 
      "__class__": "LogTocElement", 
      "ctype": "float", 
      "access": 0
    }, 
    "x": {
      "ident": 42, 
      "group": "acc", 
      "name": "x", 
      "pytype": "<f", 
      "__class__": "LogTocElement", 
      "ctype": "float", 
      "access": 0
    }, 
    "z": {
      "ident": 44, 
      "group": "acc", 
      "name": "z", 
      "pytype": "<f", 
      "__class__": "LogTocElement", 
      "ctype": "float", 
      "access": 0
    }
  }, 
  "posEstimatorAlt": {
    "velocityZ": {
      "ident": 64, 
      "group": "posEstimatorAlt", 
      "name": "velocityZ", 
      "pytype": "<f", 
      "__class__": "LogTocElement", 
      "ctype": "float", 
      "access": 0
    }, 
    "estVZ": {
      "ident": 63, 
      "group": "posEstimatorAlt", 
      "name": "estVZ", 
      "pytype": "<f", 
      "__class__": "LogTocElement", 
      "ctype": "float", 
      "access": 0
    }, 
    "estimatedZ": {
      "ident": 62, 
      "group": "posEstimatorAlt", 
      "name": "estimatedZ", 
      "pytype": "<f", 
      "__class__": "LogTocElement", 
      "ctype": "float", 
      "access": 0
    }
  }, 
  "gyro": {
    "y": {
      "ident": 60, 
      "group": "gyro", 
      "name": "y", 
      "pytype": "<f", 
      "__class__": "LogTocElement", 
      "ctype": "float", 
      "access": 0
    }, 
    "x": {
      "ident": 59, 
      "group": "gyro", 
      "name": "x", 
      "pytype": "<f", 
      "__class__": "LogTocElement", 
      "ctype": "float", 
      "access": 0
    }, 
    "z": {
      "ident": 61, 
      "group": "gyro", 
      "name": "z", 
      "pytype": "<f", 
      "__class__": "LogTocElement", 
      "ctype": "float", 
      "access": 0
    }
  }, 
  "oa": {
    "front": {
      "ident": 219, 
      "group": "oa", 
      "name": "front", 
      "pytype": "<H", 
      "__class__": "LogTocElement", 
      "ctype": "uint16_t", 
      "access": 0
    }, 
    "left": {
      "ident": 222, 
      "group": "oa", 
      "name": "left", 
      "pytype": "<H", 
      "__class__": "LogTocElement", 
      "ctype": "uint16_t", 
      "access": 0
    }, 
    "right": {
      "ident": 223, 
      "group": "oa", 
      "name": "right", 
      "pytype": "<H", 
      "__class__": "LogTocElement", 
      "ctype": "uint16_t", 
      "access": 0
    }, 
    "back": {
      "ident": 220, 
      "group": "oa", 
      "name": "back", 
      "pytype": "<H", 
      "__class__": "LogTocElement", 
      "ctype": "uint16_t", 
      "access": 0
    }, 
    "up": {
      "ident": 221, 
      "group": "oa", 
      "name": "up", 
      "pytype": "<H", 
      "__class__": "LogTocElement", 
      "ctype": "uint16_t", 
      "access": 0
    }
  }, 
  "tdoa": {
    "d7-0": {
      "ident": 183, 
      "group": "tdoa", 
      "name": "d7-0", 
      "pytype": "<f", 
      "__class__": "LogTocElement", 
      "ctype": "float", 
      "access": 0
    }, 
    "stData": {
      "ident": 209, 
      "group": "tdoa", 
      "name": "stData", 
      "pytype": "<H", 
      "__class__": "LogTocElement", 
      "ctype": "uint16_t", 
      "access": 0
    }, 
    "d2-3": {
      "ident": 186, 
      "group": "tdoa", 
      "name": "d2-3", 
      "pytype": "<f", 
      "__class__": "LogTocElement", 
      "ctype": "float", 
      "access": 0
    }, 
    "stEst": {
      "ident": 210, 
      "group": "tdoa", 
      "name": "stEst", 
      "pytype": "<H", 
      "__class__": "LogTocElement", 
      "ctype": "uint16_t", 
      "access": 0
    }, 
    "d1-2": {
      "ident": 185, 
      "group": "tdoa", 
      "name": "d1-2", 
      "pytype": "<f", 
      "__class__": "LogTocElement", 
      "ctype": "float", 
      "access": 0
    }, 
    "dist7-0": {
      "ident": 199, 
      "group": "tdoa", 
      "name": "dist7-0", 
      "pytype": "<H", 
      "__class__": "LogTocElement", 
      "ctype": "uint16_t", 
      "access": 0
    }, 
    "d0-1": {
      "ident": 184, 
      "group": "tdoa", 
      "name": "d0-1", 
      "pytype": "<f", 
      "__class__": "LogTocElement", 
      "ctype": "float", 
      "access": 0
    }, 
    "d3-4": {
      "ident": 187, 
      "group": "tdoa", 
      "name": "d3-4", 
      "pytype": "<f", 
      "__class__": "LogTocElement", 
      "ctype": "float", 
      "access": 0
    }, 
    "cc5": {
      "ident": 196, 
      "group": "tdoa", 
      "name": "cc5", 
      "pytype": "<f", 
      "__class__": "LogTocElement", 
      "ctype": "float", 
      "access": 0
    }, 
    "cc4": {
      "ident": 195, 
      "group": "tdoa", 
      "name": "cc4", 
      "pytype": "<f", 
      "__class__": "LogTocElement", 
      "ctype": "float", 
      "access": 0
    }, 
    "cc7": {
      "ident": 198, 
      "group": "tdoa", 
      "name": "cc7", 
      "pytype": "<f", 
      "__class__": "LogTocElement", 
      "ctype": "float", 
      "access": 0
    }, 
    "cc6": {
      "ident": 197, 
      "group": "tdoa", 
      "name": "cc6", 
      "pytype": "<f", 
      "__class__": "LogTocElement", 
      "ctype": "float", 
      "access": 0
    }, 
    "cc1": {
      "ident": 192, 
      "group": "tdoa", 
      "name": "cc1", 
      "pytype": "<f", 
      "__class__": "LogTocElement", 
      "ctype": "float", 
      "access": 0
    }, 
    "cc0": {
      "ident": 191, 
      "group": "tdoa", 
      "name": "cc0", 
      "pytype": "<f", 
      "__class__": "LogTocElement", 
      "ctype": "float", 
      "access": 0
    }, 
    "cc3": {
      "ident": 194, 
      "group": "tdoa", 
      "name": "cc3", 
      "pytype": "<f", 
      "__class__": "LogTocElement", 
      "ctype": "float", 
      "access": 0
    }, 
    "cc2": {
      "ident": 193, 
      "group": "tdoa", 
      "name": "cc2", 
      "pytype": "<f", 
      "__class__": "LogTocElement", 
      "ctype": "float", 
      "access": 0
    }, 
    "d5-6": {
      "ident": 189, 
      "group": "tdoa", 
      "name": "d5-6", 
      "pytype": "<f", 
      "__class__": "LogTocElement", 
      "ctype": "float", 
      "access": 0
    }, 
    "dist0-1": {
      "ident": 200, 
      "group": "tdoa", 
      "name": "dist0-1", 
      "pytype": "<H", 
      "__class__": "LogTocElement", 
      "ctype": "uint16_t", 
      "access": 0
    }, 
    "stRx": {
      "ident": 207, 
      "group": "tdoa", 
      "name": "stRx", 
      "pytype": "<H", 
      "__class__": "LogTocElement", 
      "ctype": "uint16_t", 
      "access": 0
    }, 
    "dist2-3": {
      "ident": 202, 
      "group": "tdoa", 
      "name": "dist2-3", 
      "pytype": "<H", 
      "__class__": "LogTocElement", 
      "ctype": "uint16_t", 
      "access": 0
    }, 
    "dist1-2": {
      "ident": 201, 
      "group": "tdoa", 
      "name": "dist1-2", 
      "pytype": "<H", 
      "__class__": "LogTocElement", 
      "ctype": "uint16_t", 
      "access": 0
    }, 
    "d6-7": {
      "ident": 190, 
      "group": "tdoa", 
      "name": "d6-7", 
      "pytype": "<f", 
      "__class__": "LogTocElement", 
      "ctype": "float", 
      "access": 0
    }, 
    "dist6-7": {
      "ident": 206, 
      "group": "tdoa", 
      "name": "dist6-7", 
      "pytype": "<H", 
      "__class__": "LogTocElement", 
      "ctype": "uint16_t", 
      "access": 0
    }, 
    "d4-5": {
      "ident": 188, 
      "group": "tdoa", 
      "name": "d4-5", 
      "pytype": "<f", 
      "__class__": "LogTocElement", 
      "ctype": "float", 
      "access": 0
    }, 
    "dist4-5": {
      "ident": 204, 
      "group": "tdoa", 
      "name": "dist4-5", 
      "pytype": "<H", 
      "__class__": "LogTocElement", 
      "ctype": "uint16_t", 
      "access": 0
    }, 
    "dist5-6": {
      "ident": 205, 
      "group": "tdoa", 
      "name": "dist5-6", 
      "pytype": "<H", 
      "__class__": "LogTocElement", 
      "ctype": "uint16_t", 
      "access": 0
    }, 
    "dist3-4": {
      "ident": 203, 
      "group": "tdoa", 
      "name": "dist3-4", 
      "pytype": "<H", 
      "__class__": "LogTocElement", 
      "ctype": "uint16_t", 
      "access": 0
    }, 
    "stSeq": {
      "ident": 208, 
      "group": "tdoa", 
      "name": "stSeq", 
      "pytype": "<H", 
      "__class__": "LogTocElement", 
      "ctype": "uint16_t", 
      "access": 0
    }
  }, 
  "range": {
    "zrange": {
      "ident": 152, 
      "group": "range", 
      "name": "zrange", 
      "pytype": "<H", 
      "__class__": "LogTocElement", 
      "ctype": "uint16_t", 
      "access": 0
    }
  }, 
  "stabilizer": {
    "thrust": {
      "ident": 58, 
      "group": "stabilizer", 
      "name": "thrust", 
      "pytype": "<H", 
      "__class__": "LogTocElement", 
      "ctype": "uint16_t", 
      "access": 0
    }, 
    "yaw": {
      "ident": 57, 
      "group": "stabilizer", 
      "name": "yaw", 
      "pytype": "<f", 
      "__class__": "LogTocElement", 
      "ctype": "float", 
      "access": 0
    }, 
    "roll": {
      "ident": 55, 
      "group": "stabilizer", 
      "name": "roll", 
      "pytype": "<f", 
      "__class__": "LogTocElement", 
      "ctype": "float", 
      "access": 0
    }, 
    "pitch": {
      "ident": 56, 
      "group": "stabilizer", 
      "name": "pitch", 
      "pytype": "<f", 
      "__class__": "LogTocElement", 
      "ctype": "float", 
      "access": 0
    }
  }, 
  "gps": {
    "lon": {
      "ident": 147, 
      "group": "gps", 
      "name": "lon", 
      "pytype": "<i", 
      "__class__": "LogTocElement", 
      "ctype": "int32_t", 
      "access": 0
    }, 
    "fix": {
      "ident": 151, 
      "group": "gps", 
      "name": "fix", 
      "pytype": "<i", 
      "__class__": "LogTocElement", 
      "ctype": "int32_t", 
      "access": 0
    }, 
    "hMSL": {
      "ident": 148, 
      "group": "gps", 
      "name": "hMSL", 
      "pytype": "<f", 
      "__class__": "LogTocElement", 
      "ctype": "float", 
      "access": 0
    }, 
    "nsat": {
      "ident": 150, 
      "group": "gps", 
      "name": "nsat", 
      "pytype": "<i", 
      "__class__": "LogTocElement", 
      "ctype": "int32_t", 
      "access": 0
    }, 
    "lat": {
      "ident": 146, 
      "group": "gps", 
      "name": "lat", 
      "pytype": "<i", 
      "__class__": "LogTocElement", 
      "ctype": "int32_t", 
      "access": 0
    }, 
    "hAcc": {
      "ident": 149, 
      "group": "gps", 
      "name": "hAcc", 
      "pytype": "<f", 
      "__class__": "LogTocElement", 
      "ctype": "float", 
      "access": 0
    }
  }
}